Id,Predicted_price
725,164038.3
15856,229729.3
5480,228999.64
15664,344678.07
14275,145057.47
7633,206907.84
13329,175074.13
5502,222465.0
4220,301964.05
11538,207079.2
15975,269369.24
3310,219882.05
9286,149738.53
11260,188342.8
5214,104810.67
11307,177965.01
13543,370057.25
615,184076.87
3495,220523.24
2321,238718.52
12046,185232.16
16688,151245.44
12694,229466.41
783,154059.68
8968,173981.13
13454,180908.83
12190,265923.76
11160,111793.71
10291,198644.11
891,291984.67
2982,179463.92
3818,271155.76
2449,197890.96
8317,161517.04
4922,179012.93
1257,237449.59
9348,226282.78
4176,183252.68
10704,165732.27
6624,112138.67
5428,209274.71
12749,171023.38
8994,167293.98
11513,145864.57
3047,172184.15
9519,215598.83
12309,242629.46
14081,264441.07
8334,249993.87
6343,186732.61
14788,131287.97
15748,388457.99
153,245595.96
14149,178738.59
269,192186.49
5452,133262.15
721,171634.86
5079,325782.36
2831,136174.17
10614,114568.11
10131,260127.79
9996,337357.78
3061,191147.19
11733,330058.26
3726,279645.93
10929,220559.01
9011,194932.57
16182,283701.74
4976,184955.47
9897,243794.69
1872,159214.43
9205,397283.02
5403,377700.38
14074,221937.97
6268,152193.95
14232,163221.01
8532,239475.3
7034,326485.39
6553,427071.76
3133,175098.41
8596,209708.25
12389,241413.55
14462,176894.16
8860,338464.4
8377,298021.29
6367,339345.07
6917,252472.02
4216,204280.93
5806,169799.58
5438,188254.31
6632,202318.72
2650,151945.02
5396,205682.1
4044,147395.16
1345,240736.75
856,178825.53
12791,265987.52
12499,215533.04
12249,128006.48
14641,141266.75
1919,172232.64
7848,185960.07
10749,183116.1
15554,185756.68
15834,179806.88
1355,154275.76
15451,176908.78
12401,205082.29
10290,174557.47
9462,136423.44
3103,231472.97
3420,136691.38
12262,236205.47
5032,140310.13
8949,307509.45
15567,227628.51
16389,163430.03
7809,90046.94
8990,169667.63
16089,241200.72
12743,99844.49
5132,118280.9
1619,287695.47
2428,92454.99
16741,162585.07
13193,202596.24
12588,520499.42
5067,175630.49
14685,123720.7
2292,180144.89
5746,125211.5
12578,157096.14
14834,173255.87
2147,173156.92
8222,130013.68
10419,262826.03
11492,219375.6
3006,222059.41
8761,193666.19
15371,312193.9
16367,143458.18
6317,274453.13
10878,277128.13
3895,162360.34
8041,204450.05
13428,460660.21
14669,146758.34
1006,181626.66
12271,181903.76
3764,433583.84
7675,207769.96
11709,261913.41
8629,147875.85
1105,324385.91
6096,186335.96
11727,215862.23
5157,185672.5
3679,142918.67
1755,154508.55
7391,187247.25
7425,102851.42
6882,345662.11
10752,357882.63
7472,200561.67
14320,97223.42
9596,163660.93
5317,210165.21
7378,84503.1
16154,185048.88
3464,199283.21
4197,236661.6
9477,114081.94
12705,198082.84
16426,197493.66
1481,70459.82
9946,253389.86
12025,218720.47
5341,229924.69
9923,286874.27
7953,262976.09
11066,254203.1
5037,170866.06
2509,190827.74
4937,314926.13
12089,372167.15
4964,167795.32
16500,271911.76
4625,142220.72
2363,386523.04
8148,184508.5
3804,189034.13
4584,158847.9
10694,110958.58
2691,168236.26
2983,226654.25
13563,339902.58
10747,213942.66
1721,193126.14
2789,261052.49
7214,256276.09
8659,226082.33
5107,278877.26
3843,210602.77
14610,387910.01
15505,168182.85
5060,270554.14
16055,237255.8
14963,216113.56
4118,145932.99
1672,179005.93
3209,185029.96
16515,142303.4
973,174011.72
12529,182321.67
5896,119346.31
5450,275671.7
3249,170669.49
8911,180705.17
5898,233531.15
1024,175725.94
4766,205653.49
15804,185363.32
14303,199701.07
10707,189917.35
6605,205982.79
1138,376626.42
14088,432310.43
9154,186260.57
8190,205291.71
398,268376.14
13302,244875.22
9696,158744.67
16786,117568.66
16230,205367.12
6552,184028.94
923,217978.04
9602,302848.97
5857,251359.4
8120,167607.04
7134,186565.47
11726,172364.27
8069,119076.07
12420,170131.4
8604,205596.93
4854,286380.41
12212,191491.39
12099,332382.83
3882,392564.41
6995,297610.75
10172,218324.63
11672,283174.4
12897,279604.43
16097,190344.75
6779,262523.76
11199,198317.75
10816,390106.05
143,393258.44
5399,253621.87
3286,152201.61
13706,194296.9
1935,394382.35
16000,181944.36
2860,208917.65
11407,188917.28
16378,271896.96
12278,183764.8
3842,181012.62
2692,340587.63
7699,187212.15
6825,311846.04
7268,310606.63
1477,371738.74
9887,184039.98
9436,189756.8
3179,228731.24
1350,484191.32
10643,192983.55
5793,248797.99
11494,428086.16
4206,186627.53
12419,241074.41
8530,219101.05
5985,155552.99
8908,197818.01
256,125097.24
7234,181756.18
5648,226970.1
3014,230869.21
2184,196837.21
9189,275053.73
14884,186296.94
10333,169778.83
15896,136049.29
13269,130543.55
8603,243332.49
15087,177707.25
4344,193914.85
7981,72545.1
10908,241857.93
6190,166279.46
11742,203401.27
9224,142769.22
14667,217920.79
458,184369.5
2464,328571.53
12320,239590.5
278,215548.39
2912,230443.61
6698,218880.02
4510,129636.15
4183,181983.45
5551,231647.47
12187,185632.92
7948,221306.25
10808,197745.36
12432,180775.54
5356,172941.46
8984,478404.74
9203,182646.87
15412,86897.24
12041,136390.58
7644,261789.25
7071,213744.84
10685,172866.77
6763,206395.07
940,142176.4
14959,186643.2
1338,156923.27
5351,126271.36
6524,203355.93
12516,153458.5
3288,258163.5
3146,225071.94
3954,182649.52
11955,181780.16
1211,218307.72
15668,212007.06
1320,81548.11
9108,183317.62
16482,196156.38
5017,141255.51
8290,219550.89
4304,406253.28
1930,202940.47
12530,165024.48
11295,334783.71
3002,155447.32
15483,163820.64
11525,204796.76
13978,138695.83
4885,163043.33
8325,167904.71
3630,135499.26
9165,171392.83
13945,210690.2
10663,191383.19
14803,180646.52
7621,173263.14
8205,227867.69
10387,209284.94
5457,152392.43
10234,347629.76
6251,178750.79
701,261165.88
7930,182348.54
15028,142051.15
12172,78086.18
5805,174494.89
7411,277492.98
14806,190834.3
7890,161709.54
10440,149351.07
14926,166985.11
5381,155060.29
3800,378709.93
10511,246531.72
9324,244322.41
3313,225210.68
7351,150418.86
8459,182702.11
9957,120615.59
12024,186592.92
4380,236909.85
5042,155170.97
13289,150169.52
13407,401081.55
13258,150997.93
15993,252027.8
12525,181773.38
4062,241391.76
12065,289638.76
8227,182382.83
11333,167154.42
2867,131791.68
3319,257997.31
3523,294643.78
7055,198611.13
14930,180719.72
3444,133327.49
2940,326846.6
6935,367305.89
16116,368245.78
13370,240138.89
6103,226799.13
7446,178531.96
1859,175318.22
4079,182686.3
3228,170780.72
9665,162690.59
15957,402853.82
11533,168986.02
2314,120570.02
4096,220235.04
13437,169552.53
5980,212358.58
2008,193749.03
6754,186538.71
4129,156345.14
14557,300410.57
7096,317465.9
14297,255200.19
3967,229725.02
16485,109839.63
13075,323133.09
14289,183872.15
10988,160765.73
3230,151184.49
13250,172427.63
2559,201412.43
7739,384583.04
7213,166734.33
6639,209926.96
3164,299978.3
15207,169778.87
5113,191524.41
3929,148662.2
14493,259290.19
11110,192528.26
2033,206868.42
16057,216349.78
16709,238770.53
14313,163678.17
1028,275762.72
7187,105589.67
3738,326330.6
9869,309884.72
12644,198344.64
3686,123437.88
9196,265836.28
12326,194875.77
4936,202433.49
13314,173242.81
9857,331901.76
519,198726.06
8410,174361.57
1720,180723.65
10341,212905.09
14415,193468.01
10613,287892.86
8027,227508.43
15539,271845.88
7431,270461.43
1370,139787.94
12708,153289.76
2250,219251.17
14758,142727.53
8525,350668.64
1538,280802.66
1142,145982.63
1152,244862.89
9802,187603.63
3331,312783.21
15203,184949.95
4247,182268.69
1976,413455.43
2346,175722.19
10078,234525.51
1938,213970.25
7819,195653.58
2168,246667.42
15634,220280.21
8465,228342.82
9313,163509.79
6539,132904.3
6325,101300.26
13442,260984.94
9967,179047.91
7893,238505.72
2861,198177.48
11031,310166.24
15073,130360.6
13837,162616.21
2524,257419.58
8617,221030.61
13513,196339.57
3081,312093.29
10675,354015.29
1907,93050.4
4872,237754.85
16274,364245.26
11837,235158.94
16577,215875.55
5231,308701.7
11315,204218.03
273,208306.73
8363,244282.09
4255,211089.43
16330,243714.61
11528,179910.49
14799,263357.48
1611,251187.69
9234,175339.18
1633,111967.26
6791,202690.52
11567,362203.88
3070,223481.93
12094,231704.63
14335,315108.07
137,170851.86
7182,167891.6
11718,183377.86
5194,113532.71
97,363601.06
5118,414229.94
13920,312604.07
9952,196609.91
15337,193892.31
10243,215904.31
4048,397861.87
171,153004.78
11378,167337.22
14190,171625.04
15265,151119.96
2740,138677.03
5573,266131.57
4481,198971.28
2631,149288.48
4984,251190.08
16466,186393.26
16716,126417.19
15325,186552.99
10115,172802.25
117,482726.47
5476,113596.91
11757,181022.36
12359,131811.62
15546,188864.0
8133,150386.34
9018,399914.13
2075,167607.21
11170,307690.71
15733,206456.95
9280,144613.02
10734,334757.45
14071,163972.66
7373,224435.35
14736,180321.69
3458,134954.46
6183,155224.48
7825,225224.56
16775,191865.66
5717,178687.52
12397,143752.13
8189,492868.36
4423,214981.37
3994,127242.32
10342,186510.13
10051,193014.52
9453,146524.24
12593,508249.79
1274,89566.19
6933,320174.93
1761,144569.17
7157,357056.59
15169,148581.53
6792,365261.24
13830,172132.56
7240,197662.49
3051,251053.11
6550,113954.65
4603,193570.45
5729,168235.39
13473,318768.64
15104,118352.65
6599,403034.23
2216,246984.54
8721,324168.15
3645,192796.47
8664,214752.63
11001,200116.31
753,159899.49
8129,231982.71
15235,180690.87
3359,211189.28
10424,215932.1
10226,225420.98
9252,190752.09
3008,239534.75
5849,178012.22
8494,155170.67
6764,237444.71
12445,320896.45
11716,180490.09
4508,118846.19
5669,202857.95
11427,119958.51
11065,187390.2
8910,221331.44
16401,140933.5
11913,150146.9
6221,202609.33
10839,185048.83
2809,206224.65
13311,173770.63
6866,203231.33
6019,166483.89
3024,165393.42
1391,227952.05
15904,211283.25
15858,307572.3
9911,235296.37
16579,207919.12
4394,257923.94
1468,431032.96
12965,152893.42
2249,192520.48
14384,154490.54
13040,131102.14
8872,138595.93
12864,258866.67
15712,163545.65
14049,194243.48
1840,105476.3
12019,167119.22
8948,168841.39
15154,226522.01
6943,148647.12
12564,379606.78
12766,153289.38
7255,237659.8
7962,156028.1
709,137616.2
4634,151648.98
889,217921.09
4774,134601.04
13890,190582.64
15431,137236.36
8726,355785.63
10373,149269.54
6413,197799.98
9761,139248.29
15864,166039.97
6147,143833.91
3384,248094.82
320,254528.73
8006,175661.64
14395,189415.61
14976,105100.39
12185,229026.49
4779,137797.26
8551,156486.27
9025,303683.98
10616,227951.52
7475,105726.58
6341,325715.38
14163,146405.13
2211,178390.39
10532,290691.36
14338,141640.15
831,173049.79
3382,176730.96
9209,276865.16
7188,235995.81
7197,227571.06
11270,164914.44
15918,95701.73
6937,433730.41
6178,182176.57
10668,138636.05
1413,261551.79
6884,341220.59
8266,191290.5
14019,185829.01
16764,145404.07
15306,168842.0
3740,225156.58
5298,199415.48
8319,175876.74
4229,182296.97
13429,186699.96
1753,416866.02
860,248995.31
14219,160458.63
12113,185891.51
11309,121407.71
9930,210877.18
10570,194839.77
2839,160136.23
6699,131671.77
16647,115142.87
5325,254391.9
13733,161994.7
7818,309355.21
12505,225833.79
9489,200933.21
10106,185082.96
7864,207545.12
5134,259102.83
11859,148756.36
7440,328927.56
1525,299003.44
7339,189259.31
8,338811.51
3248,117811.41
8995,228985.58
15178,68190.84
8594,171059.41
15770,228851.43
15859,338400.45
1735,319990.8
11410,482073.81
16397,161574.44
3572,154597.17
5501,106552.46
969,189713.01
6977,438988.27
1233,175786.34
4258,153820.66
90,376064.71
16650,183713.21
197,111561.9
12514,237483.06
4367,189673.83
3199,192768.13
5600,198286.43
11641,183344.37
14609,118399.57
12775,165504.28
14240,163044.94
7933,186476.49
6945,354785.89
14006,196768.34
6320,244870.37
12061,192348.12
16369,220991.55
16354,343232.64
3970,298447.68
1048,199703.43
3639,215086.55
14448,235832.25
2812,399477.47
3932,151774.88
14875,293615.93
8883,116842.21
7622,286388.99
7252,131546.61
9751,172989.71
2378,204644.69
6816,266704.24
15358,183271.91
7843,150907.37
10448,366547.35
7840,303944.23
8880,234611.35
12551,347136.83
15470,202971.05
16207,229402.58
12123,123010.19
15247,346534.81
7481,201516.78
16171,341372.98
7461,323374.61
902,260672.26
13094,171668.53
11584,249462.11
4462,214112.53
15576,150673.76
16606,252865.43
5427,297139.19
7725,163681.6
5409,192121.3
12579,129139.58
12013,239104.02
11321,204722.52
9932,141988.85
591,153804.17
10357,202593.93
3336,237976.69
13,190134.26
4809,227918.17
7555,196784.54
15172,337417.93
6989,159421.74
4707,178898.38
2046,232359.05
6495,95335.86
3873,183482.13
7061,181535.29
12112,219519.97
8917,285805.53
7735,160003.71
16442,215277.54
4244,166892.2
3747,225856.9
11086,183536.76
10080,199897.46
15057,280055.63
1331,199236.48
8891,154143.97
13411,206504.2
16730,231200.29
2267,202984.25
3022,177159.3
11190,219247.36
11857,186354.6
9318,199297.73
16512,170658.2
2053,218590.16
13707,127702.81
12143,161351.88
14080,163323.54
6130,178850.95
7936,91809.35
10101,171240.75
5663,184516.92
14811,133236.12
1366,183902.97
908,199705.95
2953,128516.3
14629,140155.56
15096,408662.2
2115,181558.35
11770,162729.64
12701,185055.6
14584,130126.54
1893,409279.05
9501,474932.38
2138,123641.31
9346,206385.09
15960,360399.46
8230,163810.36
13843,218741.07
13810,237148.64
15650,189837.54
9974,147573.9
12200,191580.62
538,190681.85
5334,193527.89
14823,122945.32
4817,168950.86
9041,190591.95
4359,289832.23
4852,226768.03
10141,146147.51
1503,208677.85
16256,376653.68
683,111292.71
14382,199031.92
7248,217865.89
1200,163552.22
3563,175311.54
3681,388262.5
3053,268414.21
4099,206684.8
807,118936.28
4658,308239.24
3535,179005.13
12548,155929.37
10488,200667.02
5851,166188.97
13736,186040.88
875,168656.28
14449,164705.83
3958,321259.0
10727,180102.56
11296,132863.98
13646,248299.9
9599,243465.83
7135,310716.26
5943,333891.76
2695,270122.51
6766,213900.19
5630,175412.01
13586,202410.74
3507,419938.91
10014,136793.51
459,246032.47
3582,229317.09
8560,282588.16
3372,177494.36
13109,258413.93
8160,234746.63
10706,246156.52
9104,338380.86
2870,202327.49
13712,142050.28
13924,136515.44
798,242351.45
9750,391105.98
16248,376009.48
3170,166895.8
12700,255709.74
10601,136176.66
514,200263.25
4010,281516.01
8124,158992.14
10800,178616.12
13628,189752.59
11637,144324.54
781,174167.66
16156,193763.64
12618,271917.63
9766,172431.13
15987,254226.06
11051,320517.5
7673,214276.16
1245,357277.35
2443,159302.46
7413,91412.41
310,156981.86
10921,237360.25
8709,94325.43
12404,336654.51
14986,223871.24
10714,311769.37
14286,201939.19
13828,351678.81
8926,413528.46
12233,181816.57
3913,197048.91
5221,192045.96
14965,83610.98
862,191724.74
13907,127857.44
5418,181762.92
2045,185389.68
13321,188890.25
2762,219673.3
13888,185336.69
14962,138670.97
13305,364945.81
8487,229334.6
7146,169134.87
1134,184749.58
15092,342823.62
13760,244508.66
11958,458986.08
3177,176035.89
11350,213624.58
1524,116590.15
5527,254987.08
2872,197846.34
8602,354767.49
3067,315930.83
10435,219982.09
11222,214689.47
8700,172042.36
10961,212174.28
14305,211191.28
8362,262257.83
4979,162499.14
7180,338421.71
5763,114739.37
2192,202545.7
13581,190936.88
10720,146352.25
1358,236319.76
13366,315067.1
13539,401823.25
12849,210569.41
6794,179976.14
525,471043.49
12223,360976.08
16271,130570.53
5818,128270.76
16588,284899.32
8981,126113.59
16476,122461.53
14663,181368.48
3,150705.58
6615,144297.94
12215,279737.72
304,253621.67
13634,268568.93
9208,170490.6
2175,170329.35
250,211573.52
6045,186244.74
10516,153412.88
1852,475637.78
1573,200239.16
15079,162849.19
5500,179741.1
15775,181366.73
3198,169194.1
6718,178577.07
4149,190226.06
9627,246944.38
7595,274297.44
4538,191659.65
3555,227181.99
10483,354191.24
8834,179397.01
16412,183124.5
6449,149757.02
2767,182837.48
11498,174021.02
16472,142313.38
178,296765.62
10948,186694.09
13313,302913.28
8065,143314.76
102,156278.98
14428,146045.11
11973,133883.96
6663,188498.97
15989,131199.07
10955,443248.73
11772,151379.38
11364,238605.16
7082,185405.14
7749,460635.78
6428,131909.86
6869,108871.95
295,174782.91
12266,237708.81
11129,202476.76
826,388366.79
3262,234576.09
15641,275638.91
1662,398723.71
10926,218088.51
10232,256490.75
6376,183055.87
7817,180941.63
354,214996.88
10076,190466.88
11379,349023.85
10184,136089.89
4696,372201.58
13562,445569.07
5436,180564.49
13196,105768.36
14939,313114.16
14004,195235.63
5916,186843.62
7229,189040.34
9143,158306.25
3440,200119.6
319,174180.32
11683,229833.37
12647,254285.39
12788,150719.2
13662,231646.93
423,281024.29
5222,201772.34
9242,185357.66
2641,194607.69
4855,146068.86
5360,189688.08
9799,175935.09
5526,239952.41
10309,161212.98
2144,422753.13
7191,194519.55
6732,160881.95
14789,157438.56
13525,164882.47
4066,272930.35
16422,201307.01
14890,196781.01
2922,214480.85
3601,139709.4
13416,119087.73
14363,191611.58
9496,273209.2
7115,304821.27
8615,163640.19
5218,78435.35
9493,203880.3
10623,191219.8
2272,155382.96
3352,306974.2
84,173827.63
8086,126955.96
2595,191829.43
3531,151173.4
7460,310813.5
9214,273724.41
2790,246327.14
10548,245152.61
9218,178525.8
7435,185666.56
15780,183823.53
7640,208356.73
6223,174723.1
3425,108617.66
10582,150879.78
702,234144.78
2111,178065.76
11730,198633.8
9865,252189.87
16478,331687.3
1885,218172.48
3956,392079.11
16735,117632.79
15264,216097.67
15971,177022.29
5584,202339.35
15242,172278.59
14358,192709.52
11300,208111.13
5446,183735.11
3934,179649.29
6610,182931.15
10164,292184.59
4646,191057.98
13304,208685.17
1985,205493.09
4746,137902.98
7963,206718.91
14083,274724.64
13140,269971.58
15023,252234.31
13093,268219.38
7160,166994.4
7407,184328.66
16056,184855.09
751,467753.87
6179,95444.59
9137,279819.38
10992,279021.65
5744,432025.62
10884,167430.58
12858,283508.77
13005,311982.83
16714,186421.11
1419,229941.15
6064,203031.26
3771,194129.39
5945,479482.11
8453,66968.79
3806,160513.63
16748,269108.11
11380,231207.1
3107,199758.74
12003,201213.04
14567,210986.11
1079,193991.41
11705,118639.88
7814,204519.75
10174,161755.14
5514,239745.92
5265,250099.62
10520,357642.61
13195,209659.46
14601,377763.18
6012,194695.56
13079,168340.75
9009,148316.53
3122,188035.31
5470,233002.93
4840,162229.95
6270,268093.16
9158,97266.66
10120,126572.82
10672,303623.87
4573,138485.69
12118,285442.85
7447,127496.3
2171,205424.03
6126,309966.06
2836,172499.37
1457,244972.25
11165,225634.39
5923,197664.97
1813,211119.11
3492,261556.38
1917,329853.55
965,447301.92
15795,151722.32
821,209323.72
4568,187798.81
9078,228014.41
11371,118071.18
5149,210538.67
281,201039.3
1918,244875.2
776,130751.37
210,214187.65
10782,181632.35
9653,189027.98
9372,161946.7
5868,162349.65
6176,139305.51
3969,135768.61
7427,141058.08
8544,509864.61
5219,222633.97
16488,133963.21
5855,249066.98
15920,116914.26
4393,398490.67
5770,163596.47
2900,147032.69
8622,85985.72
11610,281851.28
10969,114292.66
11029,144394.54
6193,316455.01
14087,453962.96
13623,169451.39
16689,179148.63
1027,230694.82
949,151657.86
672,109778.53
13832,149969.71
2471,195503.82
8728,278343.1
7742,233515.41
2698,232726.7
9084,173257.4
6075,277137.34
2874,174883.97
13119,131028.38
5010,219422.49
1284,180984.77
1151,164228.56
5110,410602.38
11386,157624.85
8019,210217.56
2859,126767.35
16110,174210.49
16027,270932.86
14902,181571.3
14301,199395.99
2451,226009.64
13596,136695.13
1464,138324.55
7927,402290.44
9638,213696.45
8009,300689.2
11903,162915.12
9243,113720.57
547,189345.63
5511,123251.58
11247,180869.97
15928,311853.4
3434,234526.08
7614,118871.37
1380,196790.81
2770,138999.17
111,181362.47
5994,131650.54
12341,186380.38
2787,264705.04
14410,311822.88
15983,131341.24
14876,212668.6
653,134630.92
2174,204463.84
2575,314772.49
7976,164770.87
5812,318324.71
13589,381937.21
9122,134757.74
8159,473817.39
8754,325684.91
9321,234440.01
13535,178092.19
2083,170676.96
2689,374173.38
2248,223863.12
11649,162112.96
11045,384166.63
1276,96925.89
5962,140415.98
13012,173221.19
4642,188110.47
179,172469.46
15347,406052.49
3339,160400.92
8166,199419.29
11617,163208.14
52,289556.97
4395,207020.97
2183,234607.45
16045,201131.53
15719,176350.53
9864,212809.36
1903,478641.39
13451,178724.85
3640,177192.14
16551,184982.87
2343,160148.7
10528,228011.67
134,233081.43
13966,284538.66
2366,163036.11
1198,210874.43
12627,117293.79
11623,230704.91
8267,124616.15
56,285292.51
2988,268496.0
8843,260438.52
3043,260942.57
16486,311925.29
1241,171838.69
11180,324962.74
1984,196448.91
7364,154594.68
10769,135344.16
16617,249841.95
9007,318624.29
12953,365649.06
11366,179951.14
16483,203755.61
2326,203516.69
14195,144174.99
3484,214042.18
15257,190412.2
11920,268734.0
1359,176106.18
10353,167230.56
15614,124105.23
15101,273133.5
12755,300208.72
6252,183298.47
7485,203833.83
12603,193818.6
5281,382464.6
10708,163980.86
12563,158052.15
4592,214318.61
3390,328673.14
1986,172368.44
5745,145206.4
14108,188768.95
9693,114725.34
669,150315.08
7320,262278.89
10258,156300.86
507,200409.57
10365,168150.09
9363,194149.56
8736,112334.63
15100,192668.82
13420,144201.15
13248,252254.4
1972,355791.53
9258,214097.26
16455,272964.96
6150,212636.47
6283,191161.37
14979,223997.97
13935,190527.26
4985,160975.37
5393,126794.28
1730,133910.89
14129,200012.17
6254,160832.54
4173,397056.78
4910,279832.39
1297,173195.6
3366,130449.63
6044,331763.65
6259,146030.26
3852,119634.89
8723,204838.27
16109,210882.39
3721,185613.71
13453,279657.71
11962,259457.14
12998,159940.1
6886,188142.56
8200,311377.99
51,233539.2
3930,261291.05
6310,205404.58
6112,201351.1
5135,139100.09
7522,332220.02
9825,233578.36
2411,255992.65
14940,448484.05
15970,159955.93
9894,276088.09
2564,187990.33
7095,231651.07
16754,231077.89
16195,133809.96
1770,233838.77
5363,391676.75
11360,246421.37
13034,331974.74
6542,152896.64
15870,235185.46
217,259707.61
6490,274993.9
6692,314623.41
2235,148436.84
16732,275388.83
11499,182429.15
12617,188842.26
9060,242196.13
12017,152729.23
16750,181554.88
12230,172221.43
2158,162637.0
15184,127477.58
2981,195094.14
10281,185183.22
16596,190977.47
6976,402270.83
14680,159323.44
10618,181138.49
271,221776.78
10817,203681.82
1823,409920.22
9549,146031.13
1201,178430.67
2112,226792.86
2951,173222.32
7183,192772.94
11404,138240.68
5473,293101.29
9232,255580.61
3033,330695.56
11002,164581.53
8299,232823.7
15417,195928.95
15612,242702.02
6168,187634.33
13751,196663.99
764,172394.13
12833,88282.82
2009,71387.71
1005,344806.49
10740,195445.49
15323,257404.1
9884,166235.21
6185,277979.82
2311,165001.33
7538,325731.85
6256,166589.01
619,438414.86
1968,174932.34
10168,114980.21
10762,200498.2
12392,150171.73
8877,309095.85
2441,217259.55
4974,199928.86
12450,199343.39
15837,207404.13
5260,323853.59
6591,158788.23
11688,258894.27
9940,187415.11
12070,176917.47
12876,129144.86
6858,215290.44
2385,215012.05
3596,200648.89
13540,143744.38
2077,140934.63
5654,338929.45
14029,213442.95
16140,113017.17
13303,423180.34
7289,165740.65
15226,164230.1
3330,176690.93
15642,255764.9
16217,387939.11
7330,217682.88
3894,127661.79
6719,196024.8
13013,173108.01
15835,200585.72
10873,354460.27
16379,251931.19
10771,256627.28
13943,173651.43
5139,259972.6
5309,198826.84
14227,396709.23
16292,195044.94
14968,213117.45
13277,212669.93
1731,97464.15
7286,136613.42
7455,167302.35
3250,190469.35
1659,189517.02
15806,285609.15
7491,230341.0
1990,219054.4
7769,426391.3
9694,233986.91
11961,211420.64
4669,203862.77
13826,316786.15
1691,215108.71
3986,127846.7
1407,171645.32
5517,166240.54
8432,176688.86
2214,193321.42
10449,163003.15
2941,198294.32
5944,179055.24
1555,255001.56
6105,177764.38
4453,230460.42
5892,254850.38
5000,271494.6
12995,178693.64
8905,167818.25
11440,150800.12
419,217234.9
4712,141769.26
2094,152457.7
4567,159766.4
10717,185253.62
1248,387240.4
12405,188659.48
8331,409900.2
3113,168910.57
6926,300185.77
6777,343459.42
4060,166673.26
11547,237812.52
15199,137149.97
9282,192729.23
16123,261141.23
14094,176673.67
8770,273951.34
1054,350386.89
11363,196487.34
8756,114561.27
4800,162470.9
7620,93590.41
9101,166373.46
13954,230576.52
13600,392473.09
2893,206581.77
763,232583.92
5347,173895.73
12096,98405.35
16333,221930.42
16432,309069.49
3513,98567.3
13494,230660.13
8690,194459.87
7266,174537.68
3472,180068.51
7021,193897.58
12952,228749.87
2774,208990.33
607,190758.13
6897,195573.4
8220,272440.3
8071,182088.43
7091,281104.54
1805,337198.28
3594,215140.71
13103,274674.39
2203,145788.13
12622,173709.5
13270,226601.6
9461,122648.5
7759,140792.88
4256,207660.32
9093,195564.22
6033,295716.49
7734,181572.08
12368,372864.78
11740,215207.99
9907,154538.49
12398,280823.35
6290,216874.33
2882,240454.41
5091,177395.79
7228,234806.79
5953,336798.89
5707,369128.15
10159,180480.68
7813,206123.89
6463,185765.9
7264,158136.93
5405,174831.76
7543,189233.07
13702,220031.32
5538,209494.37
6762,118315.99
9416,193881.05
10415,324357.66
2139,255865.98
13151,155246.08
10301,196638.68
13273,223770.07
7609,113237.82
4884,174489.53
3438,275064.08
2215,181155.2
1723,138253.78
2340,226753.33
3950,298983.12
7312,198151.34
3602,394572.21
12053,151887.46
16240,179360.97
8301,190692.51
14068,199642.53
6216,338978.82
12910,228393.45
7656,383935.87
7854,186282.47
14636,182422.78
12267,262759.1
11334,391083.51
9326,298642.11
5935,177837.11
16132,146999.73
8318,152338.54
5009,181685.71
3883,232296.8
7565,169447.8
7960,136546.47
16736,179501.53
15284,174025.58
4301,250938.23
4273,410566.48
8436,188643.4
2113,353830.42
8469,270408.95
648,214891.31
7526,221312.4
9656,232759.01
516,146672.27
6849,428051.14
7013,218126.23
13741,394592.81
13281,192366.03
12374,284956.53
11855,428385.68
2759,127676.93
6759,117357.58
1667,165074.63
5138,312074.74
2452,164153.71
13027,108043.73
2493,127331.85
9899,144830.05
8151,212340.53
5349,147420.49
3926,292454.14
6394,284462.51
11720,206107.16
578,198458.27
4001,184611.13
13504,193522.78
14836,336375.06
1741,169578.5
1278,187274.88
11890,206101.28
1803,200542.73
11418,200744.6
13693,210644.84
7321,221445.71
12575,173653.24
6966,211814.52
16613,169799.23
3148,483574.56
8920,166873.09
13984,380697.19
802,257767.13
13893,188007.83
2495,161374.29
1695,171255.17
14995,314718.63
10890,235735.1
5282,284947.7
13487,206474.67
16615,321163.98
4545,364727.37
14032,154606.23
15707,224626.06
13931,197952.98
946,180659.64
11500,531322.96
10220,127718.24
2604,195609.95
10761,352133.75
10982,287354.33
11729,216923.79
8152,129691.41
5323,174159.13
9448,162261.22
14935,143142.96
385,266193.76
7039,297948.87
9366,180195.91
15823,276081.29
8993,186416.41
1282,166349.97
437,169620.02
11011,137272.62
10104,171669.38
16321,159788.08
11188,243418.99
14291,154290.18
7781,192792.13
1203,214838.98
3731,223336.19
9037,333570.06
12937,154622.17
5196,197583.84
1746,159514.29
6345,127213.83
7950,308169.4
11552,210082.71
11950,89695.18
4805,359688.65
9152,263881.16
555,341877.4
6765,122902.18
8515,326700.81
13915,190951.06
16036,160211.55
16625,181517.55
11870,306608.48
3304,148024.98
9636,267699.44
5232,430839.13
8878,199961.74
2756,191868.18
5140,134182.49
375,206565.14
7149,223980.16
16353,279488.94
15742,182536.05
5957,172699.58
12580,176006.2
10409,231724.54
13766,175328.91
7778,203322.05
9028,188622.32
14213,184759.42
12691,209575.11
1658,158429.26
15352,210620.58
10670,205565.4
14260,189225.5
8870,190354.64
12054,189220.13
9386,342541.8
14378,340820.4
2080,179242.23
12729,241850.52
932,126004.91
3149,202985.13
245,217442.35
6334,177815.84
11684,344373.91
5099,128226.75
1828,129106.7
13464,178973.54
4023,254578.27
6563,149639.06
13207,181177.31
14075,491975.72
5722,189485.35
2308,236695.79
8169,270618.85
3341,274833.38
7693,72155.84
2549,259919.68
11576,317444.83
8010,227342.46
605,245214.29
1580,296339.8
1588,330611.44
15197,175285.56
190,187565.63
12488,133734.67
12254,210509.82
3991,177502.31
5076,216003.54
3214,139551.14
2348,198445.4
13573,202729.82
14296,207579.29
4207,242653.21
6529,228327.73
16043,168503.08
2508,181496.05
12297,164852.2
10012,206280.6
1874,155629.15
8451,218338.6
16108,224415.82
7200,398678.81
859,420494.6
8415,271560.06
1649,68338.11
6269,371381.27
8350,198982.37
10978,205508.52
16751,174783.38
10133,123722.99
11908,186035.19
15627,125202.41
14923,82038.71
3669,409429.73
8316,131766.49
5702,297511.17
3480,181861.65
11965,205123.36
5869,131205.5
11147,284042.29
6505,167045.32
13797,298620.2
14915,187385.07
8221,188849.51
5873,168203.61
13900,226554.8
13804,261027.17
994,172532.88
2118,176231.26
15158,216189.06
9898,112706.24
3509,485443.24
10228,103170.59
12409,389302.9
9260,227994.14
11462,151322.75
3265,215148.21
54,261866.3
9316,295860.16
16208,306433.81
16582,184659.07
6338,237664.64
699,195171.04
3396,157049.25
13995,178748.04
8971,132246.9
6068,239070.72
7020,193011.71
14015,183496.98
4172,234698.59
12959,464921.16
5659,201470.89
14766,125145.82
14402,189329.01
6611,160910.7
3213,293961.74
13306,173170.23
5966,211548.77
3685,404295.17
10994,210848.98
13564,235745.91
6507,216378.29
3196,259065.84
1771,154210.09
13367,323532.2
1529,118666.36
11128,158182.27
11948,231179.41
3798,124862.06
11443,198891.24
15581,159922.48
15056,260702.48
5114,295774.33
12195,187989.78
2044,299148.9
13169,91991.51
15180,331966.92
15543,158836.27
3770,154201.33
772,251274.67
990,169345.27
5567,220957.5
10805,280196.48
3951,254510.24
9484,182366.54
3867,319004.45
15605,220242.89
3805,266240.25
7254,291906.7
2179,201138.12
12745,186755.46
16545,262285.23
7310,196603.04
8539,167751.04
222,176502.89
14084,335407.61
15453,143932.12
12318,259040.43
7368,323981.44
4027,231775.14
4106,148957.01
506,187840.61
1995,225960.1
7165,204745.02
12615,159974.43
16792,126563.75
221,299055.66
9710,139315.94
4364,152738.41
3379,315608.77
8954,184246.11
16630,172333.78
9624,355389.07
6967,263559.96
8070,198683.24
933,191434.41
8155,238367.53
6771,162954.55
16477,177938.78
675,220761.45
7201,181737.88
8254,175830.23
11325,191501.12
14018,155228.0
5190,363938.46
5505,122396.05
2886,220527.27
6941,85666.42
2668,178061.36
13831,182969.98
11036,260540.14
13691,110814.46
2007,224573.24
6442,136523.57
10010,238434.54
3259,217278.7
14013,180944.9
2261,463130.26
4110,188669.21
13293,120294.54
14931,216164.53
12293,135570.03
16398,262996.94
7132,171934.2
2780,187580.94
5700,214591.32
8186,184033.83
7031,130216.28
11269,397342.41
632,134699.78
6330,326405.88
10905,179653.25
6313,220584.54
13396,173926.37
13414,202283.26
4270,146542.79
926,150588.7
11452,81953.36
16228,421780.29
1781,221072.85
16492,189545.06
14594,174647.83
4485,180506.73
8306,243832.46
2071,180793.68
9895,205795.0
10544,193303.92
11253,382742.96
15213,365602.72
2990,146215.62
4518,289529.36
2766,165152.43
3275,251644.8
14971,187181.46
14863,148386.71
1352,208479.93
3423,199896.51
13021,277904.11
10489,152463.29
12055,235319.89
13089,86446.74
16275,245378.67
4272,167157.36
3204,209519.44
863,330706.23
3289,129230.71
9557,219147.75
14381,220712.81
15208,427052.14
8030,261870.14
8080,139795.64
9876,238127.96
5571,240052.76
5439,204260.12
10689,184250.48
9919,179436.14
7348,260596.72
11686,237310.8
16643,383467.63
164,135094.66
15912,273805.33
14237,186441.43
7965,238875.85
9778,156063.46
14321,139510.67
10617,177485.78
12007,165552.06
1415,95537.4
12912,280193.77
12062,237944.62
7762,214547.67
4381,442962.68
7986,157774.27
10647,245108.06
13452,186917.24
230,251559.45
9285,240071.14
4221,370606.79
16384,177107.11
14645,231756.51
778,215946.85
6633,189457.64
15137,105882.33
62,183145.41
10606,386038.36
7791,116847.14
4161,178304.35
5553,239290.25
9433,73011.63
7363,294991.84
10162,209618.66
9568,217586.01
9901,221509.29
8047,163258.63
12954,140017.75
12479,173750.11
3357,384094.61
15088,164822.89
163,293547.33
988,222837.32
5877,291687.68
1683,203330.12
5206,193145.07
11155,168432.24
15339,170599.38
1590,196955.22
11100,190645.44
11216,177677.51
1624,217985.48
6113,202638.4
2181,313121.06
1023,262505.75
8673,137661.49
1646,300838.71
11608,102866.59
5988,153006.9
14354,231390.7
6369,101485.31
15936,216188.17
13240,349913.9
3481,157138.03
3479,263563.48
1698,339820.02
13154,300086.83
7802,193318.64
9702,178730.65
12895,390719.88
5728,172197.95
10793,193112.59
13529,190920.17
746,198067.82
2610,170539.24
10932,180681.32
15350,282673.77
15692,171843.89
5484,182515.59
15608,181842.77
5253,285460.59
1686,250375.06
10624,435314.63
267,152817.82
3295,292756.76
9481,311399.68
732,325508.42
10022,383946.94
6135,326283.5
7224,227133.12
14887,230409.36
7382,200965.44
3242,127166.94
3106,205359.56
14678,189256.16
6626,205332.61
6576,230629.3
9008,204508.99
2931,282745.12
10023,175090.46
14964,157356.16
796,236509.54
5169,121709.82
1814,150408.05
7372,232366.82
13672,174243.25
4124,200140.81
1095,141850.44
15950,88049.4
817,425026.91
15779,128268.3
11506,238350.29
8689,325142.97
10077,238069.7
10514,214862.94
2198,570715.22
8005,199803.73
625,331508.36
9420,170484.52
10350,212063.35
14494,176358.49
11615,277174.78
93,308705.11
950,217333.39
3325,170234.76
14459,147319.77
16531,199594.83
11228,203827.34
11761,213901.2
12629,229068.2
10339,208227.82
12203,128398.03
16744,272272.24
2786,201769.66
316,119597.01
11424,197969.82
8021,125340.71
12679,408480.16
1871,167935.2
5767,206815.67
4047,369535.88
16235,242221.48
10604,241221.1
1510,232765.63
854,144405.79
1860,189595.29
1593,197147.13
381,181170.99
10375,191794.07
15149,225261.29
11375,205316.44
3912,146016.64
12097,333189.61
16743,214933.42
146,270473.57
5308,135834.0
4125,159246.0
7671,359729.86
12609,109865.27
4353,175300.56
6287,191671.76
2264,285845.13
3457,171778.54
12935,144866.24
8958,171822.65
4532,174552.22
14857,210967.29
11376,205784.01
13713,211003.83
181,249057.58
10858,128151.37
5160,240367.94
6642,185937.98
9312,417781.54
7736,198653.08
4326,258020.76
1802,165230.62
16115,191109.46
16787,306241.1
7107,159475.75
6902,144568.53
8950,327543.81
9922,191310.07
11453,262265.42
10033,194505.35
12131,385661.23
11879,290561.35
8986,148883.0
82,169492.83
7664,173955.84
11116,231869.85
14096,187442.01
11577,223517.6
1908,179323.07
3658,183514.86
6148,180755.71
1324,191044.31
8792,254171.66
5883,378215.43
15245,300445.36
16382,114541.31
2131,210536.69
7581,251251.25
11488,358221.71
6091,251454.26
7295,201182.26
6427,173352.04
4558,74211.27
14436,196050.3
8373,237733.55
917,328148.04
9837,438151.72
5619,150430.78
4530,167049.85
11486,192932.65
8575,186078.81
3540,363047.04
4509,260530.24
4709,164948.59
10148,229066.49
11077,214777.63
609,168446.69
14733,193023.77
10609,141130.24
3616,155185.34
8805,237888.85
13799,221020.83
5886,262925.7
15836,120423.8
11792,127651.9
9404,269443.53
6456,168941.42
2569,122748.72
16727,222167.35
12353,181343.66
9841,234589.87
2725,259987.1
3388,230352.2
9476,181522.33
13550,111689.16
11934,217086.2
3375,178357.66
2932,262360.76
9972,214711.42
876,174273.33
13649,201465.67
13444,320692.82
12748,241970.64
2003,199295.18
2376,221799.46
15961,192085.81
1221,255075.36
7064,255772.04
7799,167043.46
4549,469773.3
11061,173833.61
2132,324562.05
10692,187923.79
14546,292664.42
11088,187709.23
4819,273209.81
13682,128590.07
7127,415971.71
6245,161880.72
10845,166852.74
3285,115725.1
11384,198289.71
10897,180654.32
8533,118526.86
15341,248725.52
3821,155825.91
14130,163055.33
4306,394321.28
113,172535.58
14997,183687.83
1482,192464.32
14780,333868.26
997,240685.3
7991,192397.41
15592,166972.77
11143,208272.98
12472,175653.96
13991,319738.26
13399,355332.72
2588,318820.16
14274,322295.79
11491,364358.28
4755,181791.08
7939,148335.72
1779,162882.7
11924,158484.2
12713,219771.08
12486,385104.49
13149,275788.35
4847,221650.62
7638,335089.68
15228,321597.29
10069,194099.67
2219,327081.83
956,312152.77
13680,132943.55
106,190811.61
13101,111870.93
7540,281340.05
16138,405592.32
4890,297034.23
13752,245703.06
14622,193476.62
7871,188949.78
3957,256269.49
9987,236984.94
8884,186882.64
11715,271068.6
10612,205346.56
12945,209313.6
5034,190859.33
4463,339397.49
3476,198470.16
4846,249092.87
2372,200695.82
2873,214813.53
512,196092.34
16198,206006.64
9155,430021.61
16464,110708.12
6904,184403.54
3151,182340.07
1816,170343.59
16214,342624.51
6264,342253.13
254,214155.66
5848,138643.65
4357,173938.12
14265,148802.27
12235,184414.48
11342,111752.18
6679,202960.56
5377,216316.28
7636,150682.28
12798,164314.6
16349,229313.7
3028,141850.04
12810,345080.06
15064,142733.72
13801,113643.16
13387,241778.65
371,224274.68
1161,141457.95
14593,160394.74
12144,182112.99
5555,416553.53
13493,164285.13
11130,259905.56
8658,136016.69
6491,217922.87
303,185175.48
1897,211851.79
9583,107163.29
4515,151876.43
1411,174591.22
8534,128250.44
7227,217134.51
13478,166663.1
7546,330392.43
2798,103202.11
10267,404846.91
4519,145086.83
12184,197511.98
1895,307437.27
13019,338017.43
8845,246863.67
1929,271324.65
1966,136450.32
5268,91477.52
11402,151591.92
13503,176906.82
14413,168394.71
15419,146229.21
11573,153726.73
270,159932.51
9733,180450.0
2729,213988.33
10123,276878.13
9331,234828.09
4342,127080.18
4248,295457.8
446,198113.74
6677,187211.85
8324,270638.11
9666,422443.28
7303,157017.89
2710,279910.22
3334,187847.67
11464,342572.58
12220,322582.51
14064,166879.23
14350,177482.7
2858,240170.21
13014,350475.6
13732,174747.05
3371,323784.81
5912,221187.91
5881,184419.0
6199,301823.37
7344,184726.33
6180,183003.91
3343,253608.76
12103,200140.73
5177,166092.85
7000,186632.96
3990,204600.95
11689,129592.14
5624,192167.08
7497,90870.55
618,148475.62
6909,204661.17
3346,149052.06
12521,168120.24
11871,354034.9
10610,190499.21
14869,151176.22
2268,131902.2
12058,145742.74
12426,180001.62
10662,141051.28
12512,123219.28
14852,205271.04
10876,163088.55
7720,172089.59
4334,69193.9
12275,319587.57
12228,444624.02
3715,206159.18
9534,237218.14
2333,171185.81
15628,147330.91
5043,188850.93
16704,433844.16
2891,216414.15
14478,180648.74
4429,166609.16
5929,143734.03
1845,160055.14
3001,160282.31
6741,139177.71
2202,144047.99
15490,181962.89
3752,224057.15
4620,210916.03
12795,173806.42
2662,134025.24
12845,196227.04
5604,244093.85
4861,169922.39
8100,241033.67
15990,210689.22
6561,142403.21
14107,127796.38
6274,127483.29
4428,116743.47
3184,205658.21
9247,241088.87
15016,190015.45
6009,194358.6
3190,188054.04
3386,145912.59
11984,194342.18
16215,170469.45
5506,245826.19
10016,208755.54
15394,302011.46
15724,332547.89
9409,151245.01
12634,175944.4
14316,193478.54
8675,183469.59
15231,170289.27
3236,178300.76
10087,179539.93
5018,160063.59
2728,184849.51
8092,189393.17
10698,185678.08
5859,158755.59
4198,98950.86
861,185382.69
7990,378372.29
4009,206545.64
10964,150472.32
2114,281567.81
1139,186177.4
13921,182869.34
15030,109360.03
2122,130935.13
1602,250257.04
15032,428042.48
5694,112436.24
14026,182641.18
1132,184847.62
15469,308515.98
10223,182120.4
3303,306663.73
12655,248033.43
16151,154488.17
14649,177349.78
9533,168784.04
2229,142438.17
7652,323593.99
14523,203188.35
12991,192452.93
4539,184982.45
395,160805.6
4853,270351.13
12082,165073.67
1406,264405.01
7788,182003.66
2143,143634.12
11089,124261.13
16693,172322.5
14701,142977.53
13689,186192.14
4262,227936.49
1046,214734.75
12001,350652.48
10729,190486.76
11822,289431.29
9132,310269.83
14150,205301.47
15217,169038.3
4752,179873.59
5875,174860.76
7873,263611.65
16046,167369.19
321,233753.27
15077,288397.63
9148,279160.13
10272,257943.18
9490,159106.3
5856,183835.69
2436,168109.31
526,207865.23
9067,145512.06
1166,344269.47
13029,208729.59
8264,360600.08
13499,324584.19
14681,198831.82
10625,341804.43
13668,243558.34
4126,238114.45
1527,167550.26
12829,211651.68
6074,111335.01
16629,176469.7
3231,324403.86
6218,151292.04
15050,216303.99
16053,445432.47
16745,147288.87
11336,71151.86
1318,258651.59
7424,150667.73
8102,167876.95
5468,167585.68
9942,296362.29
1001,206435.99
6010,245814.08
7766,187719.03
10266,217148.07
3139,405456.34
4759,201159.22
6760,213841.47
5682,285912.62
1648,236859.41
10363,178170.5
7551,133731.81
12901,151539.38
7938,252129.39
15709,429811.39
9663,188856.67
14868,214275.41
7617,321571.02
5755,405184.54
11519,420645.94
6954,169914.98
7463,301845.68
138,220292.51
1499,224253.84
14579,177101.6
30,169017.84
6991,244491.16
16283,188270.91
15305,425176.1
12736,281546.33
1506,430471.18
4302,165972.87
8170,230951.33
14230,195548.98
14438,283461.4
15974,165874.35
3263,185998.03
11227,179060.8
9355,137272.95
326,176493.28
13155,144451.5
13238,289476.34
2785,339819.28
7047,187935.12
4222,242804.18
14734,109613.52
4224,135073.77
11259,138660.06
6174,124988.04
14057,170386.89
5181,179686.86
5926,234164.3
193,224379.11
12528,162221.68
5128,376758.49
13462,219901.81
5845,157001.0
6872,225145.83
8821,216272.06
5106,175895.88
8164,276882.77
5679,223774.94
2985,166545.12
2106,197956.82
12494,341960.91
15150,178271.05
187,210308.76
15095,216585.6
15289,154365.2
497,180833.29
10048,138512.01
15012,150418.51
11229,186849.9
15927,184362.49
12092,163730.26
11174,207875.62
13967,193130.28
6693,212803.1
92,288886.04
13961,137711.0
16220,381036.52
13333,223203.79
7730,171878.79
15250,147985.29
16392,201471.26
14544,177876.35
7261,193422.23
16105,215041.59
2984,146276.18
3162,230202.43
2260,176940.66
7004,350346.03
452,182913.09
7828,304136.09
626,208397.6
4583,265612.92
3725,114811.55
5894,207309.11
3316,203882.33
6887,168578.44
2492,270376.02
9133,206367.51
15655,266273.93
12639,226478.19
3848,135458.4
11820,215014.35
15254,205507.76
10750,91036.6
1156,319637.67
2910,178243.31
8591,276559.12
14247,223381.39
1425,148638.33
16660,174272.49
1837,201551.21
6461,180916.54
2580,182323.39
1052,148287.27
577,264447.3
2825,250432.94
2746,419810.3
2291,395440.23
10962,262567.58
8547,213055.35
10019,192561.29
756,358577.35
1709,330062.56
9076,297603.55
3211,197959.59
2535,162514.21
10943,312979.62
4830,167716.17
9928,145660.37
16143,216551.25
16784,225338.36
16434,238595.54
436,171145.03
1226,274173.86
1259,352868.32
15299,112418.21
4343,126152.9
14661,178498.46
1988,208318.73
10173,195228.82
11746,188978.93
8412,194905.71
9281,152000.74
6246,200743.14
5440,199092.93
15301,195366.58
1223,191827.69
2714,277861.13
3077,95642.58
5549,193365.53
16626,262176.78
382,155083.98
5635,73863.25
186,237887.64
4839,126449.42
433,231559.35
7210,126365.51
15243,255542.47
9993,243980.0
7529,113795.29
14506,154428.73
5807,200117.92
2373,236799.9
13618,84914.74
9908,178317.2
5404,210624.58
11023,196154.24
9678,203398.64
6160,213394.52
4181,142876.25
4230,194575.43
13858,164783.02
15871,301514.94
7564,388502.29
14463,393397.47
15115,215358.24
7533,157998.78
9862,171076.92
5708,323755.65
272,218744.15
4612,209471.52
13336,171585.19
13944,186918.52
3517,177188.78
422,290722.72
12769,137847.68
16079,263219.27
4398,211129.12
8250,115822.0
8900,205705.96
10819,208726.05
10551,155844.63
3418,342107.57
3889,159040.94
1186,191033.74
15227,397864.02
13432,444960.24
10654,322711.22
7306,166755.49
16325,248419.13
7510,267800.06
7237,125431.41
11812,358699.09
7823,184022.92
10691,245609.91
12699,71806.52
914,194774.84
12160,211310.2
4600,258839.49
5649,158031.36
4896,195456.54
800,225594.51
10111,192945.94
3690,193544.09
10150,352070.16
8099,144403.61
9526,200669.69
7301,359468.44
655,105997.92
6187,415611.38
839,226727.48
10505,150653.22
3830,128733.39
11301,143835.13
11895,189533.96
3102,122354.51
12351,125069.59
15378,421516.88
9593,286504.73
5302,145919.55
7585,385932.93
6785,187404.39
3611,241529.86
15888,148529.58
13152,217193.27
6208,207702.19
13734,145997.88
9212,337767.65
6098,256675.04
12314,230067.51
8848,216178.89
8951,173137.34
13572,185374.18
15907,275120.04
12325,204992.94
14000,332926.68
9515,165927.19
4514,291416.38
11968,379515.0
12452,207517.43
2163,261324.5
14538,184651.02
11324,186635.5
10441,165974.23
1952,179066.57
11680,169829.31
16190,270600.07
7649,187246.02
5839,116682.06
4659,178114.87
2273,396881.39
1829,151849.26
3776,248858.27
6607,156943.9
10395,131771.02
10667,336042.87
10950,221509.96
6339,169655.04
12038,279120.93
16128,180659.86
9406,284698.81
13386,167848.32
13063,204551.41
7319,156967.18
11475,143970.22
4109,177664.37
466,173800.48
7169,131699.25
450,192609.3
509,275903.03
14114,225285.2
10865,161047.32
3497,201664.58
9089,216027.48
13675,188277.51
6672,214767.56
5464,270665.11
16267,197234.3
6372,403723.71
4499,229818.44
16547,186749.58
11454,341232.62
16645,411535.64
9569,190735.35
3279,250931.18
12042,254190.41
2547,195393.48
16013,256272.71
12929,208844.51
12343,252067.07
10359,207071.93
12543,185823.06
14928,473178.49
11319,201654.45
14724,212922.39
2850,206812.45
10775,315368.5
8462,205253.47
4724,207002.31
6723,181318.77
14180,235392.29
5593,413803.61
9151,390260.65
8697,432621.99
10758,413413.6
4276,233692.37
13655,306925.32
13674,216988.18
10057,134542.46
10732,168323.93
160,164781.33
7451,199209.85
3512,325325.73
3925,163596.44
14897,144061.65
15963,206482.68
13805,89785.84
6894,169089.21
14327,172520.27
11838,131895.19
12255,163827.31
6587,175930.98
6923,164964.35
8885,132207.92
10486,122343.27
4722,411610.25
14740,218378.92
4754,159964.0
8674,206858.29
13252,187387.83
1905,182892.48
8585,205193.68
11503,180653.61
8979,227419.34
3879,299364.12
5165,192631.76
4200,192004.76
15206,149513.37
927,178095.0
13132,184548.2
8640,253084.89
14157,191017.79
2991,454077.31
15401,225560.03
16356,194396.74
10857,112471.97
5651,162073.76
14405,204017.89
9176,296116.48
16326,151463.05
10397,199920.0
14371,184118.34
10577,144302.55
10605,230632.41
8441,175608.58
9546,109270.25
15433,241016.55
14106,185904.29
13791,199779.13
123,254088.45
6786,184992.28
4618,137216.36
6750,170735.4
2188,174714.74
4729,214854.75
11082,149181.54
947,256919.7
1066,152110.55
13916,357121.87
13134,309319.83
15755,153871.48
14683,231962.75
5590,183865.6
11704,268360.67
11544,194885.2
9457,161650.22
336,237863.99
8667,297223.51
9989,392339.54
3786,93235.46
1467,377175.75
15239,244818.84
6380,242072.24
15200,360453.27
10378,299683.48
9867,215842.82
12443,238746.77
15298,313061.59
9136,190629.44
6713,279928.23
15472,209524.23
4064,210633.93
13576,261600.98
10634,351067.89
13257,115295.95
14535,276709.01
13262,412454.36
13852,113384.25
3238,184166.63
2029,201822.69
1542,270538.57
5796,181141.02
6273,224009.01
8207,88934.28
13913,163558.92
14113,116057.18
11094,156893.07
3598,410357.55
11881,172948.39
4186,301764.96
105,305538.33
12712,198806.55
10699,209876.43
1522,127883.01
6406,179690.34
2600,262573.73
12800,226332.23
14794,153776.46
832,166917.61
11005,203449.03
1329,228130.26
9621,120291.52
3543,218138.82
1234,214887.33
14715,345121.19
13218,199142.34
12522,118217.23
15168,219257.98
3344,167234.63
7989,165396.82
13592,316517.03
2349,110198.39
87,75333.11
3648,168788.46
15383,184171.16
4245,145140.49
3037,324125.76
4963,238249.29
12513,211937.79
11906,404075.35
6321,234561.81
15889,206229.37
16390,219596.49
11080,240379.38
4201,111733.2
3696,201113.66
15188,354238.52
1475,309278.84
15248,433754.09
5836,183850.24
621,331965.99
15618,131588.17
11070,471127.94
5126,283363.85
3191,261184.35
4786,230500.12
6620,258696.95
9169,181490.94
15908,222564.26
5512,131403.53
16496,199139.92
4052,368113.77
1158,188373.21
5860,161797.65
907,176123.54
10880,295483.88
2406,341154.73
16135,212871.29
16655,230535.26
15009,174708.8
9075,152691.14
15211,246643.0
11972,178359.57
7343,154689.8
10693,257096.98
16611,146603.42
11189,127802.72
14873,204095.22
2863,236116.01
1616,131597.82
6932,119404.8
10136,131345.73
430,189127.47
2978,219558.43
9667,169762.55
1215,130519.51
8651,152843.03
11529,149368.9
14115,184851.91
13842,109513.0
12668,190482.15
11298,188783.96
14801,203528.66
12346,306241.49
7741,181459.07
9160,184493.92
4285,206055.22
1738,235335.48
16527,207028.73
11797,92591.39
11537,137019.91
11661,151390.87
16296,288933.45
9835,183528.12
11551,205397.55
7868,480321.82
6828,156462.4
4870,158342.62
14037,187644.2
10255,237102.04
13980,124479.1
12720,174617.35
4391,134233.22
15559,160986.63
11971,305113.0
1294,205607.53
4639,207538.64
10815,230209.09
12270,250618.81
9322,243018.34
14633,159886.45
3733,198669.61
9311,161412.66
14855,276300.24
13819,158166.28
912,362274.47
13565,140614.19
5546,232476.4
14337,244555.92
5902,169799.15
3939,208776.97
12958,160346.33
6810,165773.72
6464,354056.18
15753,237026.01
8295,212680.91
4190,145735.83
13160,206836.79
11609,291309.75
6477,149849.27
7833,174728.9
8088,225594.4
7090,196925.98
4818,218622.05
3010,249844.43
2954,241237.55
16552,184055.25
563,192342.18
13208,266849.06
12886,128228.46
9235,140190.76
2397,253459.43
3059,287369.52
8245,166979.26
11636,192960.06
694,225682.85
7222,169427.93
13986,327429.56
6083,103515.37
9782,166198.57
13060,253722.92
6144,286726.46
15637,202577.49
987,385509.08
10696,297230.05
5319,137353.96
16119,331608.72
8198,145855.04
14721,226310.97
4704,231951.85
8806,279979.59
14764,146648.21
14233,130503.02
14252,278416.86
9139,114944.44
9297,295810.75
8288,242100.17
4879,308115.11
6384,182852.62
7438,184753.55
116,246241.1
364,160889.43
2690,169677.99
2193,395232.26
1228,201321.56
7607,215620.67
6378,166358.94
16520,209378.27
7737,223781.21
15652,141444.64
15578,153500.68
10823,126991.21
11027,124404.83
7076,181722.98
6451,249432.02
15589,164376.93
9532,170191.3
4148,212684.78
1222,330756.83
8066,172198.9
2227,151072.74
8814,317364.37
7121,189097.36
8265,114500.36
2848,192557.56
7971,166689.95
15812,264761.34
2238,200799.45
11569,200158.46
13631,153390.54
13209,185786.32
5448,184226.0
5974,351014.96
10379,174197.76
13829,175488.11
7552,437162.03
11205,180486.91
12787,179370.11
12773,446896.44
1501,308420.05
3650,200046.85
14850,210349.3
8174,106772.34
5565,183939.81
11832,174045.4
15866,158542.14
8742,115252.71
5271,165240.11
11697,257280.93
13516,188382.15
6408,174514.88
15545,213946.59
11148,125180.13
1585,266637.55
4609,181282.56
3174,410729.7
13784,234759.81
7889,128390.31
9385,270952.02
4058,210740.23
6783,201085.61
14676,145430.9
3284,151937.02
4988,171313.01
13369,178370.89
10107,291013.22
11456,161717.37
5837,423528.17
2637,177151.39
10785,382897.36
109,324519.43
5968,72933.47
976,164334.59
882,135942.29
624,151434.57
11904,317194.27
15314,119473.88
6579,103319.26
9199,156344.44
12611,147099.98
2898,214348.65
8461,199795.76
15020,201962.65
5652,120932.08
14262,195948.85
10156,338688.54
4461,180649.42
16666,285367.35
15818,181326.91
4940,225539.93
9403,178876.64
13638,325082.82
6918,200907.58
16307,229635.65
4133,115859.53
12316,385009.28
1655,332842.37
9398,273054.89
4271,236409.08
7584,269152.74
16502,466591.09
7732,182619.96
14812,314568.6
5083,242055.84
4385,267525.65
4024,180384.32
5925,120143.77
5603,267959.86
9172,244545.22
9485,220770.93
337,177202.48
9767,177164.37
8228,218943.96
14346,171256.25
8946,175682.25
11285,299632.13
10588,316021.96
16737,209278.26
2262,295911.96
12102,201060.08
9851,161679.67
941,240837.02
10571,269240.37
11487,259761.14
12137,405606.27
10549,150978.91
11359,140721.93
7724,172486.49
6877,121800.61
12946,130829.98
10555,297936.32
2733,130636.33
734,201208.4
4572,146837.55
9888,334761.95
5547,264278.46
9473,137145.13
10427,268915.62
12081,217042.95
10888,334526.83
4834,212722.91
7141,144319.63
3282,146743.73
10028,388349.14
13941,157136.55
3897,151040.73
3838,153961.43
15315,132818.35
4623,324009.14
1119,229828.78
6031,193117.66
8516,128861.32
9415,154430.01
10798,107701.22
13666,126833.24
11068,313089.12
1489,160604.34
9467,285135.48
1946,290142.91
6511,139542.01
306,178997.39
2837,316044.36
9949,173229.01
12571,262932.5
9991,211923.64
10974,187937.56
5102,252803.83
15565,142783.62
8320,191056.82
4205,236944.29
14341,209618.72
12738,310359.26
7959,113314.63
15526,306398.99
9391,202502.95
13904,138143.32
5423,156412.27
7852,173890.23
16525,78167.12
3823,232315.11
1858,168422.73
8638,415422.77
5777,177150.57
10277,171978.16
8002,266284.74
11877,198987.0
3964,206420.46
16783,347138.43
9896,199920.84
1733,157356.13
12470,258361.47
12569,296000.95
744,164654.23
13608,192542.81
3980,218081.49
13468,161475.66
15482,269321.66
4135,123921.11
8982,477295.22
1928,201772.22
12408,206645.83
2316,74534.98
3340,167678.36
7512,124382.69
10170,232701.49
2558,142732.15
16236,164731.25
9115,88200.73
11183,413046.58
6603,266958.86
8548,342925.28
13883,180954.59
10766,276375.08
9575,284264.84
12048,175602.84
928,215137.62
3068,231201.81
7603,197888.05
12725,178349.43
14089,161399.53
13055,185503.62
16602,171167.65
2797,261867.68
7467,114001.71
651,180689.3
16374,192440.16
16544,156024.89
3098,171690.57
3015,184068.88
13224,196014.25
11299,195500.83
14583,125216.86
4033,142968.61
12076,234484.39
15017,168497.49
13881,289995.02
13000,184636.95
676,212644.26
6331,394148.24
7681,230518.08
1435,271359.32
2966,227597.79
5825,298518.64
5422,388220.95
1663,175675.61
15561,146435.49
10062,254984.43
6476,175317.95
1957,183328.52
10795,176886.5
16197,112989.52
14421,224229.54
12994,195676.48
3493,181707.4
11545,152840.38
6726,137045.88
9513,192532.86
12556,127210.22
9553,157017.24
3734,369944.68
3109,244382.39
16319,200321.19
5959,219443.59
6683,238423.76
9438,160246.95
15857,277693.86
2421,271452.39
11540,207085.71
264,206418.55
16561,239176.58
12288,255064.09
9570,209269.83
5936,160621.33
11390,124599.97
6551,188520.68
3946,215875.13
7746,206523.7
2838,155993.96
2472,203958.92
3520,183630.85
1341,337134.78
3910,281233.84
5208,152262.73
12599,188915.81
2475,246407.76
10966,181653.32
5910,227035.24
11910,220564.15
16221,103200.59
10591,170891.72
3744,210194.53
6618,349613.18
8676,413556.96
11193,168641.88
12659,224656.63
14101,170846.19
14483,176101.33
8107,273807.04
10681,172673.28
10126,219346.34
4527,246798.57
16537,209392.67
15403,212986.97
11124,337453.41
7468,156123.67
3172,183011.08
15847,167772.33
8211,483855.88
9459,246379.31
5903,262581.54
7232,152922.21
3180,182659.99
7147,339729.48
10105,157731.04
7338,120234.68
2446,226146.62
6466,129606.45
5782,143675.89
6526,112773.27
14982,223253.81
14639,285442.67
16052,222779.89
12587,171177.57
13192,73991.08
9342,273323.72
6052,135896.7
7987,181379.55
12165,319967.0
15151,384319.95
16728,181828.44
12735,231579.42
939,164724.94
10983,172746.19
1385,138102.54
1892,162484.46
8352,151845.72
79,181272.18
7171,179534.62
6194,229831.19
6973,165442.29
13786,177130.58
2578,293656.14
11344,176981.39
14536,241580.74
13518,183543.95
15855,352619.87
4387,247216.97
1596,239223.15
4699,387853.41
4559,385108.91
6613,222770.48
7489,137957.8
2127,184833.57
16668,437473.07
5919,100632.6
7696,165315.47
12287,231180.26
1053,240026.36
7924,254146.76
16365,263619.79
13988,423343.73
7415,217972.93
6661,134681.18
14496,183518.05
15112,161035.41
16444,168905.14
8992,248599.62
11054,354776.85
3570,143464.85
11016,72283.67
10455,155679.84
10478,215682.95
7751,176046.0
7913,380218.47
4883,191213.58
12728,375940.59
11482,195759.29
12561,151286.42
2207,259520.5
11946,146108.03
10552,243199.08
14673,151579.51
6914,175339.82
15988,148751.08
3878,193810.2
13937,181027.69
11208,218334.95
3466,110788.02
2799,181460.96
13802,241288.66
15790,131871.36
845,295647.18
13261,200920.74
9986,195768.66
4771,244665.44
11763,242521.55
13249,494936.47
15982,227672.8
5295,143408.33
2828,256335.89
12717,207856.08
14541,147895.33
12898,152327.42
15190,378352.16
13553,268948.33
11589,221827.45
13168,195221.82
14224,213202.25
11844,239494.2
14578,140480.73
6770,244232.44
1003,132048.58
6716,163621.78
6204,352141.5
10213,270429.07
2961,193007.6
14134,173108.68
9134,173981.61
9906,291621.84
12114,218193.49
12706,178296.89
192,227620.28
11022,188981.61
14712,320318.32
2659,463054.97
7602,203826.44
3009,137954.5
4533,495023.4
5620,178970.69
12312,152706.17
10896,171359.89
7532,150338.81
5696,397670.62
10743,427326.14
16708,171796.35
5430,182944.97
4362,192594.1
15599,176040.57
8197,134431.49
8502,101426.52
554,109940.53
16301,180398.95
6206,379363.17
10523,189186.82
7221,207563.95
5906,173234.18
6724,172099.59
9167,217007.61
10380,240991.46
6209,166790.65
14298,135262.7
6854,181607.92
15218,176573.22
5081,174785.74
14572,217094.15
7743,218456.25
11071,235708.12
10673,157647.63
16276,306385.49
2840,193776.38
14414,399039.24
15739,291366.42
4743,166016.72
3156,329321.65
14879,170529.15
758,139858.91
14304,185745.47
1210,336813.04
1137,169971.91
6026,205024.94
841,139962.36
3993,161762.72
16554,307729.5
27,154747.25
13015,204122.97
9428,159392.65
6885,173459.26
2410,171747.63
743,276251.97
9361,320095.03
14016,206701.51
5040,395348.91
14255,166957.49
291,216827.01
3937,195741.53
13374,260388.39
14948,220703.87
37,113386.28
8226,275436.22
9547,147565.1
1000,258189.32
12406,150406.34
8314,229279.47
960,141481.65
31,207359.58
5905,132960.95
15833,376539.89
8146,236862.17
16718,155510.88
2231,189548.09
11286,193905.22
8275,151621.87
16706,461564.76
6594,114822.35
15521,262645.82
1131,186327.6
9595,175907.15
8354,275473.73
15777,112390.65
2330,306005.56
13382,291241.88
16721,86747.18
11393,179907.41
7009,203096.21
1474,165897.17
5816,170149.7
16032,204639.82
3422,367518.45
7231,167007.67
1565,166976.33
10574,137806.63
1107,167153.74
1458,166215.92
12716,489936.91
14039,170943.75
7099,290437.25
4498,264178.81
16394,109285.9
8760,158493.73
5016,122823.16
1097,91813.7
5433,184132.53
7847,196267.74
2903,374533.04
15929,236443.05
9066,412713.52
16152,235297.49
12383,258418.8
7591,279021.15
15435,112816.83
1556,273487.35
10644,260890.11
5333,180228.42
4266,213118.08
7946,244722.89
15594,176708.28
12127,215114.75
7697,439915.69
10020,180224.66
8999,238535.43
15708,172808.97
510,231436.84
7239,133514.86
414,344935.88
9095,160205.85
6136,198170.81
12482,220073.56
1254,148658.02
12989,200140.4
2923,345763.9
13845,124341.57
11169,178070.02
3031,428525.89
12704,278642.75
3430,179566.74
4483,125530.06
1438,158289.54
7790,153024.96
10260,179170.63
8340,188589.79
11099,120593.64
4392,149840.22
1551,189551.02
6566,262337.32
12689,198882.6
16117,182680.18
2800,338428.55
7779,229176.08
4546,173925.89
16734,249924.83
2506,166513.89
12457,166972.33
14626,149660.22
9816,183116.21
5055,134906.03
13894,187952.49
2676,176330.11
13860,220223.31
3029,187813.06
5048,231238.57
12857,143797.78
15813,141639.54
9973,161119.94
6664,290700.87
2764,254068.91
10746,125688.93
1068,235850.64
6797,224234.57
384,134661.51
16012,75228.5
10891,268381.49
1110,123711.94
10284,364714.85
15508,190611.63
6000,73882.29
15275,224807.29
5312,117994.53
391,150289.38
10154,185202.61
7256,197640.66
7947,180083.89
4097,201837.82
1526,378527.5
16261,291149.37
8470,136789.58
3270,222630.59
11212,278638.77
1261,197523.37
13456,124003.13
3862,202512.9
13241,205458.48
8526,223851.87
5013,264917.08
10205,345322.53
1346,239542.99
12977,229653.76
10073,157378.15
9623,211540.29
10590,187187.64
2773,228722.26
4444,281671.79
442,192994.39
8376,242159.67
13461,221001.79
13229,163565.6
8718,171369.93
12847,174894.34
12117,241154.46
14510,143149.52
9254,324504.97
16290,240684.99
3936,253449.29
12526,173119.01
7302,271857.74
3268,214328.9
13230,245644.7
12695,204624.97
14761,272913.31
15771,245538.27
12598,250781.13
15357,165394.1
9874,116989.37
7582,207942.21
16604,437596.47
2023,146617.59
13932,184581.54
13300,87281.98
14040,190452.16
12612,158135.18
14843,290289.28
5242,164400.39
1343,144191.67
14576,182472.37
6257,126841.59
25,177600.6
11043,220664.68
5047,79633.88
16080,232358.59
2161,238795.82
2444,156634.35
5459,256415.0
9033,135318.84
11539,194331.38
14256,189700.79
9219,248884.94
13840,278424.79
4848,211013.83
227,161233.04
6238,214673.5
15530,180331.77
594,155497.36
14505,100903.21
11748,234959.18
13771,141106.57
5778,217309.85
9820,109520.97
14066,210005.63
8498,205736.98
6058,253756.16
13661,206745.99
7992,204004.1
10264,99502.11
6924,188738.98
9183,167916.56
13325,224176.66
10467,72519.7
998,215685.5
3700,197008.66
5094,235667.13
11643,141902.02
8496,187384.27
16487,116687.97
7810,298349.39
15418,165249.79
16355,225361.03
3194,176478.33
9278,228969.42
2707,149259.74
5688,350249.86
7883,198127.17
5250,328904.42
12794,192727.67
15958,327914.14
68,213824.49
9505,189342.39
4162,182895.99
14730,154452.56
14671,360947.49
13981,245430.93
4445,272765.4
15067,154803.19
444,217683.99
1613,225565.38
8509,371503.78
877,131283.01
5170,269944.72
9846,316619.83
5915,172901.38
12459,233821.08
11318,206894.8
16009,230727.57
14466,325421.5
7896,182321.73
11280,166537.76
15529,290035.54
3859,407226.99
16193,171748.87
8796,150425.1
13010,182763.54
8672,142700.59
16756,124901.06
6929,317132.46
6288,241667.83
2842,194564.61
13446,472286.26
10235,155446.61
7654,197483.95
15967,243024.17
8048,183071.59
4253,284611.73
8004,248837.71
1397,299081.39
4799,305401.59
8558,142735.91
6060,273834.96
5608,180279.92
10515,238987.85
8931,256461.09
2396,254099.86
4022,166823.11
12471,254418.54
1711,196125.98
11430,201617.11
9829,200298.93
4425,207895.11
9803,341378.52
4651,331620.44
2189,346922.59
6368,263418.03
6568,211422.65
13827,71773.58
4375,386798.18
5622,212971.62
10559,113569.39
10985,395580.59
159,315270.49
9038,194661.82
9382,381303.91
11998,209569.74
5184,278465.34
10542,176342.88
3537,70749.55
13475,152624.15
15536,326851.49
6948,294873.14
2888,264930.82
2830,216877.7
12064,179620.28
8922,246832.16
16427,203866.49
14051,105401.31
3251,347940.51
14202,137353.8
13756,141083.73
1421,149351.47
14187,194952.33
10166,253688.02
4923,106072.19
11570,238243.67
9844,157637.65
918,166904.75
8919,290236.84
8818,160172.18
2949,178950.94
2423,129495.71
15361,189465.15
13254,106607.37
9692,254065.29
7271,284448.96
2017,239055.6
4036,143078.19
11373,216578.53
13377,268022.07
9977,178494.56
7410,167483.15
11817,214388.31
2573,185441.2
6543,204534.79
8819,195900.68
312,126612.0
14517,196660.23
15090,252743.65
10789,190476.47
1910,207001.23
14652,175434.6
13121,236525.21
5125,243029.12
1959,212643.86
12034,281767.53
15595,123331.1
6153,136427.81
4053,196603.32
10877,285365.29
4529,194717.08
10158,215478.96
9236,199662.53
5299,307296.78
13059,216293.08
11152,256664.49
11914,339325.91
2442,351901.98
7044,174073.34
5893,183893.06
5035,112625.82
979,292149.15
3409,175636.93
6675,223881.52
11650,259883.1
5611,133028.48
5956,192989.26
16435,200734.75
14599,165870.87
4215,205874.96
8873,160449.61
14918,346561.06
10011,161933.87
11446,203410.64
1535,163518.44
14241,201664.28
9543,203082.24
10979,181561.93
14215,327015.77
12365,185770.98
6681,178130.45
2924,236092.05
6445,277681.54
12032,197355.86
10702,177586.99
2974,161284.46
3877,175788.26
15147,181151.45
15984,243469.22
2324,381450.37
7499,291044.75
3801,372346.59
4284,246456.3
9329,177704.24
3120,335980.52
2531,150863.0
13762,142556.41
3691,182705.94
8058,184362.38
4897,170859.23
14925,182285.52
4330,144333.79
5453,182327.79
6559,196620.5
425,367546.07
14024,197520.72
10413,159173.1
15294,180519.83
2821,261757.49
11509,123008.37
9074,154789.94
16091,273929.81
3642,200366.0
16124,197415.46
16449,151491.54
8684,181625.25
2392,320483.57
12234,234055.97
14199,115754.56
834,297403.92
1484,183330.43
15653,148127.09
11663,166089.94
15397,370697.44
11385,200294.37
10151,193830.54
13263,112116.36
4505,238506.0
1851,142945.14
15471,143529.43
6560,227705.62
4007,376406.58
10251,223436.31
265,176166.97
14770,185562.14
1353,222067.05
16335,216587.11
10859,182480.88
641,202076.77
11985,203934.83
8076,188534.31
14160,178598.94
12506,284077.99
8809,194985.26
6957,152351.75
4478,126320.29
4749,206348.79
12322,185444.67
13910,165341.46
8252,207923.46
2431,264856.52
12670,109574.89
7537,160606.48
4637,411914.74
2538,172518.69
15290,221869.91
16072,326612.74
16740,124264.09
6078,185657.78
16723,175228.49
3847,235547.05
5999,91475.76
7678,230813.57
4862,167015.57
12468,158660.28
13409,392961.69
12380,238719.21
8962,123533.15
11004,263928.46
792,159883.0
5687,228438.66
3906,135602.5
13554,124928.99
5863,116845.46
13459,138977.83
12378,268942.3
9935,135092.39
5674,179730.7
4535,235439.21
12310,398218.49
7048,167834.42
1143,294586.36
16085,176945.17
5358,182933.43
7100,242971.45
10384,171813.71
5006,184894.63
7371,158705.78
4720,159052.87
7577,234491.27
15196,203473.63
8467,327915.68
5251,133609.83
9220,138314.24
2151,170723.34
8081,237593.52
15824,175431.79
10545,265617.95
13403,342389.65
1559,69608.64
16795,175751.11
6293,175870.03
16024,204734.28
12167,185626.37
3078,127947.66
6736,205731.38
12124,320781.1
6489,281726.6
2778,218142.88
13074,151515.27
4075,136155.05
15195,245966.6
3160,137122.48
1272,231321.05
14776,238648.28
8497,250203.85
4,192216.79
15732,312885.39
9111,459926.48
10748,177383.03
8944,181139.67
1906,157733.04
11283,103877.08
14269,127048.31
16232,198306.76
1839,302530.61
7894,325916.09
5703,184253.37
1347,312257.21
4849,74872.89
5618,140520.11
9672,202748.69
2638,129845.19
1962,310701.19
11717,245828.34
13358,359160.85
8258,68392.96
8822,225929.02
2927,185897.35
14741,287306.56
8216,132404.7
12317,132023.3
13133,248525.98
1286,186887.99
13116,135900.86
9198,125722.84
13679,200249.32
13877,163666.36
5946,123489.87
7428,214015.44
1073,243305.32
13970,159036.58
8466,181007.51
13135,187792.27
1778,179191.69
195,211113.51
8973,118936.08
10674,172889.83
12350,128219.99
10295,132719.48
7251,291734.39
9245,189180.13
9126,141596.83
7740,249391.48
8956,192100.77
13686,169614.17
2864,165843.95
7110,142176.53
11331,219432.18
16637,173083.54
4580,315140.86
8909,368308.95
11932,231610.26
5243,180740.32
13419,290721.44
3459,253346.08
7053,379410.78
14691,312946.96
12535,159320.55
560,353383.47
7514,248607.62
5305,170300.04
11231,234476.95
8803,125864.21
9791,173312.35
130,189883.19
5874,358178.02
1440,183851.75
6474,178194.69
12168,183197.94
13187,365432.61
9831,232763.24
15943,191724.4
15846,167797.18
1402,199780.74
4968,240455.35
5131,218752.78
15580,114578.21
10869,215142.83
4679,137225.72
13908,150650.06
13489,225075.5
16352,117431.44
5691,193942.82
8780,264238.86
11933,283416.76
4136,357983.96
12873,183536.3
13330,197329.18
797,146309.25
6450,398064.29
10056,146692.96
1050,161873.91
1202,171227.31
6680,118945.37
174,194003.1
6337,138613.99
6704,140669.4
266,151641.29
9195,113743.44
14668,114811.4
9315,214898.74
469,280492.96
8852,184978.66
10907,214102.01
5287,369384.67
4548,207735.14
9637,178591.65
11010,165011.37
9564,174634.36
2681,106954.08
6776,165282.48
8311,175204.53
6580,180740.68
14417,169794.58
3892,202987.67
4929,161674.83
7340,277988.19
13225,194978.07
5581,119630.59
8015,120988.49
13567,140842.94
10596,213636.1
11291,162625.63
10901,270709.51
9349,254550.34
4030,245940.95
8357,183461.44
829,176158.11
5529,379926.35
4134,225631.41
4867,184638.67
903,204456.92
3701,174342.18
12916,97910.23
9031,199471.15
1965,274044.34
13851,271338.11
9314,209038.91
7386,180816.1
4088,158633.99
14907,466376.44
5991,224667.53
10265,271538.12
15260,167743.76
8053,188228.58
9577,231677.59
15509,149956.97
12153,259155.22
3218,229789.08
4740,257494.82
682,186769.59
12176,254615.23
12385,159140.01
2523,91558.44
5801,160689.08
12751,155633.65
15121,188359.92
517,337054.2
4822,240498.5
1129,361091.43
12396,177770.47
11329,240928.73
11856,292871.56
3653,195225.69
13404,89908.82
14486,380972.69
3502,169278.71
7717,95469.45
8808,187701.2
11676,184787.1
7033,278294.31
1681,186648.69
6658,153822.34
959,413438.82
4871,208364.23
6946,206723.27
13763,237415.72
15320,269429.28
3065,120409.35
14742,162014.05
13959,155398.61
2427,176137.94
1716,288730.48
6258,130040.37
16677,160111.32
206,364725.47
13659,496600.61
7782,141017.31
3308,131126.42
9073,130553.91
6342,373554.32
868,335304.74
10153,239096.18
16788,168584.95
14886,161140.79
4674,183217.92
13599,145200.35
6851,206749.1
6443,221400.66
9903,155238.96
8321,272223.62
10686,196968.0
11106,149048.36
11845,120325.93
2439,265849.95
5461,424572.59
14559,209588.88
10215,176256.36
13566,367515.18
16563,142635.41
10492,264400.77
13847,201504.72
3607,190485.0
2844,190264.82
3499,147947.4
7478,341681.65
4728,327789.22
10883,175780.62
13602,81173.88
3751,141504.56
10299,179288.6
13023,184314.33
14498,213655.31
13601,129300.65
5787,141038.61
7853,155039.95
2429,286787.23
2359,279425.69
13926,234501.68
4278,153819.63
14307,226613.76
15677,332163.54
9,125052.35
12630,163232.92
16428,356547.74
13285,208598.63
7902,132009.66
866,103506.12
6077,162190.69
4015,329181.12
16350,169984.01
14793,137064.05
1409,184876.68
5199,142379.58
12036,263672.39
9654,128999.26
13106,190637.77
11780,168811.74
355,216725.21
6247,142130.18
1045,236300.3
4019,207938.58
2048,219347.9
14586,93049.07
6720,203899.05
5509,133161.16
8463,241563.51
3202,263618.8
6910,156412.35
5701,318704.12
1,248527.28
6853,167526.2
5386,199826.46
9251,223903.84
8580,188060.41
3644,217705.42
3258,191176.02
329,199127.08
5038,237240.11
2526,182665.28
2082,383071.49
11081,151149.89
3927,207871.85
12305,188972.41
10975,277649.21
2590,216590.0
9337,172595.37
9368,176624.98
16111,150416.47
986,287687.67
426,178287.84
10040,174766.69
16463,157863.3
3704,238235.03
15406,265265.24
10035,307504.35
16251,140891.36
9520,479418.43
503,207893.24
8260,260997.17
14309,243123.02
16054,285184.03
3885,240415.43
5924,152687.32
12843,186511.34
14300,146547.0
12608,278414.08
11437,148748.12
9535,164974.53
1528,194989.94
11518,162220.48
6401,247365.32
9129,161287.16
13069,198473.44
16607,152733.04
1473,313347.45
6085,218820.78
4067,244780.86
9178,173232.33
5090,146288.92
15046,298569.4
13621,160728.46
16065,191537.23
1944,186195.9
1060,264075.69
1764,317072.52
1705,182255.17
9961,116178.95
18,247310.61
10371,96941.42
13185,126586.29
13139,256312.38
3161,330500.29
11931,237629.16
8759,196073.51
12969,93756.09
14329,286330.81
3637,189189.19
1165,106821.97
9976,179510.29
16490,201144.78
2074,304455.39
15364,352435.01
11394,298048.87
10222,234358.8
5948,125639.49
7494,193091.26
6285,212152.2
15220,137919.58
3237,151643.27
3528,192639.53
6289,292803.47
15784,229583.35
15321,292967.19
4562,148940.05
6402,228023.61
12688,208280.9
3536,177736.46
8426,123609.25
12434,258645.79
5645,205572.21
15080,223085.12
4677,182025.6
9818,357097.62
13496,186122.03
15682,236526.78
6284,266988.14
14342,171251.36
8109,211188.16
14818,251955.88
5724,98670.77
7471,164270.6
14905,208326.82
9719,360704.38
10637,295288.58
12838,170321.79
15949,202737.41
2334,297359.55
3416,181677.16
12303,139591.27
528,177584.73
980,181876.63
1298,118011.29
13728,176431.65
10842,130503.47
14596,105274.11
1899,379286.77
16380,249468.85
7855,126914.48
8147,278289.38
11469,148244.95
5779,67995.39
3389,387127.11
7885,246174.03
5254,429924.8
6383,130938.76
3498,229896.96
16166,508263.52
2413,236528.96
14653,210652.13
9345,163809.91
13711,177517.42
822,201273.14
12640,143706.62
11954,274801.59
7914,357785.36
7394,351029.24
7354,181105.11
13058,154379.41
4836,249721.26
362,146717.74
9365,135478.52
211,122650.08
8543,163288.91
188,181873.97
14196,407440.87
7114,277622.81
13431,210697.97
12869,310752.88
16681,287556.37
16528,179400.93
390,358619.8
11752,156806.13
4408,150423.96
3315,189282.0
16071,196031.25
16535,68841.82
12463,234374.59
12790,246794.39
11787,140713.63
14577,177589.61
4431,258711.47
10286,146068.57
1676,277495.37
13993,335131.86
4761,178128.34
14670,212904.4
4795,249924.75
15411,240484.74
2909,71587.66
8236,420190.49
14017,154189.43
13974,244197.58
6513,220007.05
7695,149941.61
5286,174677.52
4902,267813.75
1124,296140.21
10436,192098.1
14749,260784.33
2609,206836.29
14548,219156.79
1566,156736.66
3649,165146.45
16101,243970.96
13095,172304.94
2779,165408.1
14203,135443.27
11019,188324.04
7653,165231.8
12835,196076.53
9683,285382.45
6955,124332.01
11504,152915.55
12110,180683.33
237,211587.19
2612,202949.77
8855,293219.97
8729,138249.15
11580,201979.04
13807,206990.75
5375,191454.19
16767,331973.68
14540,204850.7
255,242954.49
3586,170893.07
5671,178130.88
10311,329644.99
13280,218892.66
1788,207617.78
12128,179787.53
3576,399971.95
1285,225946.06
13502,181561.42
6518,219181.7
1729,162100.54
5398,169099.62
12539,241663.52
1476,173248.07
5057,364790.73
5133,250057.22
2196,399332.15
4041,206966.6
5252,74348.22
12879,166660.67
13210,230472.83
7390,344795.34
15942,145461.9
7054,139064.34
14632,237872.88
10208,233864.67
14120,176157.61
13607,211418.17
9647,209266.4
12134,192191.32
8593,137254.56
16231,142554.65
12474,166024.96
11640,127197.06
1685,118652.6
4474,129880.54
15313,194120.74
1736,135583.83
16471,168588.04
12517,201414.44
15437,195145.43
3381,188639.3
16555,146646.79
15738,198137.21
2896,110388.07
11356,313411.18
9734,179259.73
1890,157969.35
15344,204210.65
13575,130423.42
14595,210461.97
10567,203879.48
12889,171642.37
1213,212078.93
8841,106364.09
473,241910.97
14853,191323.13
15271,368994.54
14191,253418.65
12703,282486.43
2649,229687.75
14916,155551.76
8975,112761.76
12108,235596.52
6070,158865.16
15765,168875.49
3713,114937.45
1618,288382.39
13874,167610.94
4407,129084.78
8550,201574.91
15759,358318.15
7808,140863.6
1127,216975.94
13108,268987.98
4426,171956.22
6175,235057.91
7903,253007.45
2076,76103.02
9924,247210.37
2322,151063.65
13844,174880.11
13871,142580.07
5908,249026.61
429,424540.65
3443,133607.8
170,125600.67
9879,309480.17
15324,270100.64
15616,181900.22
14217,248455.38
5262,175742.97
13426,299285.17
13286,176287.29
10464,172619.77
10881,185564.71
12776,125801.45
10664,184888.61
15237,184873.52
15999,248222.18
4816,301749.97
13856,163692.91
2701,216419.44
635,172618.71
4016,203075.59
64,205693.47
4881,195059.34
7017,304757.94
7184,252598.72
487,177480.14
15897,346784.53
11444,139112.09
3260,180265.81
3127,161478.42
7899,142736.13
5705,189520.92
12960,229472.48
4046,173809.57
2190,286184.2
15787,146230.52
1926,246792.46
3944,184513.41
14709,234653.03
13046,174630.77
9845,194017.84
7432,111067.25
11524,230994.12
6393,172583.3
11323,152549.28
10352,287233.97
6811,332761.9
2606,287358.82
11660,395544.11
8305,202689.01
7357,211057.67
14796,198872.89
15587,129113.23
2461,342820.32
5605,189780.83
6554,190415.73
7662,243408.72
11798,216493.8
12078,200061.48
1758,129488.5
7661,428797.36
3335,186272.97
2854,187581.6
16659,224167.83
5241,278520.22
16469,347882.78
16098,172622.68
15049,172612.66
5152,76192.69
2166,149087.87
16465,209144.45
1768,127531.85
8744,181455.0
10594,155821.55
1339,172855.67
6998,175872.29
723,195905.87
11357,185999.72
4413,178013.38
5026,207106.41
4412,236022.19
537,155496.28
10270,120087.37
9571,234579.18
9969,222215.17
7822,68429.8
6621,207784.72
208,184053.05
5195,203430.76
7032,140876.37
8263,187021.16
14719,378290.22
15622,173857.17
4259,210758.13
3085,312717.42
172,184483.25
7130,152025.91
8767,180507.24
3087,167819.21
4089,256607.77
11477,124353.6
2246,184124.26
1793,184218.87
1630,195953.8
1189,125049.06
6050,220151.8
8752,151697.61
8963,175894.25
9671,379751.07
4820,138723.38
4475,181513.24
6396,211214.59
8932,195419.28
162,170498.79
10847,150931.9
5692,364869.14
7316,265256.49
5485,212058.7
9780,326023.52
7307,141515.78
9739,332181.11
7426,167400.19
835,191234.66
11744,280816.72
11907,183290.9
5684,187978.56
10335,119530.73
4466,214855.82
11593,139821.01
244,186397.79
15205,297750.0
6071,178374.51
9455,505288.25
15862,289345.99
8165,255810.51
5002,226991.62
5922,286678.67
16616,283414.48
7615,228610.28
7911,199308.92
7748,218618.94
11265,339398.47
15820,176498.28
6648,184812.49
7117,266151.13
10262,182170.61
2853,259112.29
4606,207001.28
12747,143759.99
3953,154557.79
3552,205015.55
2675,268079.2
4611,193969.69
2025,222633.54
5424,199176.93
8546,179191.6
8875,161914.59
2807,352652.98
8578,239689.65
786,324952.54
3945,198102.62
16733,131443.82
16191,167911.63
12669,160723.13
10493,162805.13
6671,231928.51
9330,230194.66
1622,169212.49
8713,224350.12
8696,223721.91
9187,237920.81
14551,173120.4
2646,296446.18
9563,286202.53
4031,146179.37
5155,193201.18
12116,352387.36
3834,367380.53
7785,258095.79
307,173275.35
13663,188191.34
16357,120858.84
10646,157959.46
5615,174138.37
4604,173211.55
9308,182905.58
16789,237052.94
15721,209835.49
4994,362279.26
5454,174102.26
4034,206404.28
1420,328838.91
6453,146510.96
8167,184544.55
11657,252928.14
14356,416141.16
2024,262823.1
7701,107876.28
6291,184488.45
789,189117.34
16315,299329.31
3677,180922.31
13309,143399.25
2088,99366.8
3707,192510.3
5240,220102.79
13197,224520.9
3147,167822.76
76,321703.34
14287,155108.28
7940,261190.1
2515,119588.28
4891,255613.71
7623,302939.83
10671,383758.56
13030,185088.93
14686,230112.73
13272,226718.86
14954,258477.47
16264,234824.78
14461,185821.96
13107,262766.59
8740,271744.16
2824,234509.69
1645,140081.03
15613,169845.99
4803,234481.88
971,160567.14
13952,178931.66
3320,175712.08
15110,156140.34
2440,178654.67
10462,144799.15
6011,323219.08
9405,131477.12
511,162476.39
4141,406672.37
11651,161715.06
343,201673.46
14750,243503.31
3711,170866.44
6322,156318.9
6533,204266.45
6089,262525.24
286,271905.25
7639,101829.02
16722,192177.18
9157,255596.34
7137,261412.06
6669,339934.2
3326,299419.18
5820,164276.3
11604,219463.72
16087,192094.96
5327,234448.64
13639,203837.53
349,332136.28
15181,234486.45
4821,310689.34
1740,202705.97
3450,147281.12
16064,124574.77
1804,111815.75
5296,132986.09
5346,458210.84
4723,357725.08
417,165550.81
15756,166528.58
14090,183624.32
14778,301491.44
2560,178708.49
12920,89263.51
8249,127072.6
7125,167366.83
11732,152586.94
13365,358893.81
5361,362693.49
15937,281591.33
2591,169480.4
15706,193926.78
2105,219589.04
7220,313975.79
14562,194513.53
6836,174967.88
8180,241779.19
4695,126350.28
5783,330200.22
4780,200082.83
12504,184684.15
